DESCRIPTION,DATE_OF_VAC_ORDER,BLDG_TX_BORO,AKA_ADDRESS,BLDG_COMMUNITY_DIST,COUNCIL_DISTRICT,BIN,BBL,LST_COMPL_INSP_DATE,STATUS_CHANGE_DATE,OCPCY_DESC,lat,lon,Year Built,Building Age Category,Count
Dismissal,04/05/1989,BK,"495 DEKALB AVENUE, BK ;495 DE KALB AVENUE, BK ;247 FRANKLIN AVENUE, BK",303.0,33.0,3055182,3019270005,12/12/2011,12/19/2011,Residential,40.6909141,-73.9571612,1955.0,1940 to 1959,1
Dismissal,06/22/1989,QN,"86-47 126 STREET, QN",409.0,29.0,4193935,4092800041,02/23/2012,03/09/2012,Residential,40.7016111,-73.8246139,1925.0,1920 to 1939 (Pre-war late),1
Dismissal,08/30/1989,QN,"32-57 85 STREET, QN",403.0,25.0,4034690,4014150051,03/13/2012,04/10/2012,Residential,40.7563218,-73.8823735,1930.0,1920 to 1939 (Pre-war late),1
Dismissal,11/13/1989,BK,"686 GRAND STREET, BK",301.0,34.0,3069586,3027881004,03/13/2012,04/16/2012,Residential,,,,Unknown,1
Dismissal,05/21/1990,QN,"80-24 LEFFERTS BOULEVARD, QN",409.0,29.0,4080118,4033530051,02/24/2012,03/21/2012,Residential,40.7103455,-73.8285767,1925.0,1920 to 1939 (Pre-war late),1
Dismissal,08/21/1990,QN,"86-38 111 STREET, QN",409.0,32.0,4192612,4092240023,03/16/2012,03/21/2012,Residential,40.6975874,-73.837802,1901.0,1900 to 1919 (Pre-war mid),1
Dismissal,01/03/1991,BK,"1082 BUSHWICK AVENUE, BK",304.0,34.0,3076531,3033480034,02/12/2015,,Residential,40.6901476,-73.9198584,1921.0,1920 to 1939 (Pre-war late),1
Dismissal,02/26/1991,BK,"212 LEFFERTS PLACE, BK",303.0,36.0,3057881,3020200043,04/11/2013,,Residential,40.6800472,-73.9560938,1900.0,1900 to 1919 (Pre-war mid),1
Dismissal,03/07/1991,BK,"719 BRISTOL STREET, BK",316.0,42.0,3083058,3036420011,02/15/2012,03/02/2012,Residential,40.6532299,-73.9081612,1930.0,1920 to 1939 (Pre-war late),1
Dismissal,09/26/1991,BX,"903 AVENUE SAINT JOHN, BX ;903 AVENUE ST JOHN, BX",202.0,17.0,2005131,2026860016,12/12/2011,,Residential,40.8161513,-73.9026907,1910.0,1900 to 1919 (Pre-war mid),1
Dismissal,01/21/1992,BX,"594 EAST 167 STREET, BX",203.0,16.0,2004266,2026130022,01/14/2013,03/09/2013,Residential,40.8284684,-73.9046492,1901.0,1900 to 1919 (Pre-war mid),1
Rescinded,03/25/1992,MN,"201 WEST 114 STREET, MN ;1880-1886 ADAM CLAYTON POWELL JR BOULEVARD, MN ;1880-1886 ADAM C POWELL BOULEVARD, MN ;1880-1886 7 AVENUE, MN",110.0,9.0,1055205,1018300029,01/20/2012,01/31/2012,Residential,40.8022673,-73.9537304,1920.0,1920 to 1939 (Pre-war late),1
Dismissal,09/23/1992,BK,"64 STANHOPE ST, BK ;64 STANHOPE STREET, BK",304.0,34.0,3338471,3032650021,03/30/2012,04/20/2012,Residential,,,,Unknown,1
Dismissal,07/21/1993,BX,"1230 ST LAWRENCE AVENUE, BX ;1230 SAINT LAWRENCE AVENUE, BX",209.0,18.0,2024684,2037630020,01/23/2012,04/13/2012,Residential,40.8307035,-73.8667544,1920.0,1920 to 1939 (Pre-war late),1
Dismissal,01/17/1995,BK,"254-258 WALLABOUT STREET, BK",,,3061412,3022641401,12/26/2011,12/14/2011,,,,,Unknown,1
Rescinded,09/16/1995,BK,"460 EAST 46 STREET, BK",317.0,45.0,3109913,3048990026,11/18/2013,,Residential,40.6505031,-73.9344437,1931.0,1920 to 1939 (Pre-war late),1
Dismissal,12/12/1996,BK,"577 ST MARK'S AVENUE, BK ;577 ST MARKS AVENUE, BK",308.0,35.0,3030615,3012170068,02/08/2012,03/03/2012,Residential,40.6759047,-73.9545607,1901.0,1900 to 1919 (Pre-war mid),1
Dismissal,01/31/1997,BK,"259 CORNELIA STREET, BK",304.0,37.0,3077313,3033770056,12/12/2011,02/22/2012,Residential,40.6939682,-73.912162,1910.0,1900 to 1919 (Pre-war mid),1
Dismissal,05/07/1997,BK,"253 WOODBINE STREET, BK",304.0,37.0,3076653,3033520047,01/24/2012,02/22/2012,Residential,40.6954163,-73.9142589,1910.0,1900 to 1919 (Pre-war mid),1
Dismissal,10/08/1997,MN,"83 STANTON STREET, MN ;172-174 ALLEN STREET, MN",103.0,1.0,1005522,1004160053,02/16/2012,03/13/2012,Mercantile,40.7213995,-73.9889282,1920.0,1920 to 1939 (Pre-war late),1
Dismissal,12/03/1997,BX,"115 EAST 179 STREET, BX",205.0,14.0,2007674,2028070084,07/27/2015,,Residential,40.8517256,-73.9061702,1899.0,Pre 1900,1
Dismissal,03/14/1998,BK,"604 AUTUMN AVENUE, BK",305.0,42.0,3095546,3042530033,12/12/2011,03/02/2012,Residential,40.6739578,-73.8680265,1910.0,1900 to 1919 (Pre-war mid),1
Dismissal,06/30/1998,BK,"362 CRESCENT STREET, BK",305.0,37.0,3093353,3041640033,02/22/2012,03/02/2012,Unknown,,,,Unknown,1
Dismissal,07/18/1998,MN,"1413 FIFTH AVENUE, MN ;1413 5 AVENUE, MN",111.0,9.0,1051661,1016210070,01/12/2012,01/31/2012,Mercantile,40.8003318,-73.946331,1910.0,1900 to 1919 (Pre-war mid),1
Dismissal,10/28/1998,BK,"28 THROOP AVENUE, BK",301.0,33.0,3061314,3022420037,12/26/2011,10/28/1998,Residential,40.703951,-73.9485545,1931.0,1920 to 1939 (Pre-war late),1
Dismissal,03/24/1999,BX,"907 AVENUE ST JOHN, BX ;907 AVENUE SAINT JOHN, BX",202.0,17.0,2005129,2026860014,12/26/2011,,Residential,40.8160442,-73.9026475,1910.0,1900 to 1919 (Pre-war mid),1
Dismissal,04/13/1999,BK,"44 PULASKI STREET, BK",303.0,36.0,3049443,3017740031,12/12/2011,12/12/2011,Residential,40.6920558,-73.949916,1910.0,1900 to 1919 (Pre-war mid),1
Dismissal,05/13/1999,BX,"2236 POWELL AVENUE, BX",209.0,18.0,2026743,2038190022,02/22/2012,03/21/2012,Residential,40.8311599,-73.8495565,1901.0,1900 to 1919 (Pre-war mid),1
Dismissal,02/28/2000,BX,"1128 ST LAWRENCE AVENUE, BX ;1128 SAINT LAWRENCE AVENUE, BX",209.0,18.0,2024253,2037530019,01/23/2012,04/13/2012,Residential,40.8284962,-73.8662421,1910.0,1900 to 1919 (Pre-war mid),1
Dismissal,03/13/2000,BX,"2039 WESTCHESTER AVENUE, BX",209.0,18.0,2028930,2039320022,02/22/2012,03/21/2012,Residential,40.8339819,-73.8563295,2022.0,Post 2000,1
Dismissal,03/26/2000,BX,"669 JEFFERSON PLACE, BX",203.0,16.0,2009791,2029350063,08/07/2013,09/30/2013,Residential,40.833154,-73.8986474,1899.0,Pre 1900,1
Dismissal,04/04/2000,BK,"1532 ST JOHN'S PLACE, BK ;1532 ST JOHNS PLACE, BK ;1532 SAINT JOHNS PLACE, BK",308.0,36.0,3037160,3013860015,03/01/2012,03/30/2012,Residential,40.6701846,-73.9276473,1930.0,1920 to 1939 (Pre-war late),1
Dismissal,04/08/2000,BK,"1532 ST JOHN'S PLACE, BK ;1532 ST JOHNS PLACE, BK ;1532 SAINT JOHNS PLACE, BK",308.0,36.0,3037160,3013860015,03/01/2012,03/30/2012,Residential,40.6701846,-73.9276473,1930.0,1920 to 1939 (Pre-war late),1
Dismissal,04/30/2000,BK,"27-37 YORK STREET, BK ;60-82 WASHINGTON STREET, BK ;68-76 FRONT STREET, BK ;60-90 WASHINGTON STREET, BK",302.0,33.0,3388734,3000451001,03/23/2012,03/28/2012,Residential,,,,Unknown,1
Dismissal,05/10/2000,BX,"669 JEFFERSON PLACE, BX",203.0,16.0,2009791,2029350063,08/07/2013,09/30/2013,Residential,40.833154,-73.8986474,1899.0,Pre 1900,1
Dismissal,07/17/2000,BK,"181 LEXINGTON AVE, BK ;181 LEXINGTON AVENUE, BK",303.0,36.0,3056359,3019680039,12/26/2011,06/04/2003,Storage,40.6873671,-73.9551659,1930.0,1920 to 1939 (Pre-war late),1
Dismissal,12/23/2000,BX,"273-275 EAST 139 STREET, BX",201.0,8.0,2091104,2023140047,02/23/2012,03/21/2012,Mercantile,40.8114312,-73.9260126,1931.0,1920 to 1939 (Pre-war late),1
Dismissal,05/06/2001,BX,"2535A 3 AVENUE, BX ;2535 3 AVENUE, BX",201.0,8.0,2000803,2023200077,05/04/2012,05/07/2012,Mercantile,40.8110316,-73.9277542,1931.0,1920 to 1939 (Pre-war late),1
Dismissal,06/21/2001,BX,"446 EAST 142 STREET, BX",201.0,8.0,2000388,2022860033,03/19/2012,03/21/2012,Residential,40.8108231,-73.9196734,1910.0,1900 to 1919 (Pre-war mid),1
Dismissal,06/29/2001,BX,"1584-1588 UNIVERSITY AVENUE, BX ;1584-1588 DR M L KING JR BOULEVARD, BX",205.0,14.0,2008818,2028760064,09/08/2015,10/16/2011,Mercantile,40.8466613,-73.9203349,1929.0,1920 to 1939 (Pre-war late),1
Rescinded,07/13/2001,BX,"824 EAST 169 STREET, BX",203.0,17.0,2005071,2026820029,02/01/2012,03/23/2012,Residential,40.829396,-73.8980966,1901.0,1900 to 1919 (Pre-war mid),1
Dismissal,07/23/2001,BK,"296 GREENE AVENUE, BK",303.0,35.0,3056290,3019670015,12/12/2011,10/29/2002,Residential,40.687267,-73.9589953,1930.0,1920 to 1939 (Pre-war late),1
Dismissal,10/01/2001,BK,"177 CHESTNUT STREET, BK",305.0,37.0,3092170,3041280112,02/22/2012,03/02/2012,Residential,40.6836797,-73.8752905,1901.0,1900 to 1919 (Pre-war mid),1
Dismissal,03/11/2002,BX,"14-16 WEST 183 STREET, BX",205.0,14.0,2014220,2031960077,08/31/2015,05/28/2015,Mercantile,40.8583775,-73.9046569,1910.0,1900 to 1919 (Pre-war mid),1
Dismissal,12/05/2002,BX,"115 EAST 179 STREET, BX",205.0,14.0,2007674,2028070084,07/27/2015,,Residential,40.8517256,-73.9061702,1899.0,Pre 1900,1
Rescinded,01/09/2004,BX,"289 ALEXANDER AVENUE, BX",201.0,8.0,2000716,2023140072,05/15/2012,05/18/2012,Residential,40.8111696,-73.9246799,1882.0,Pre 1900,1
Dismissal,08/27/2004,BX,"412 EAST 139 STREET, BX",201.0,8.0,2000265,2022830015,10/06/2015,10/02/2015,Residential,40.8094167,-73.9219979,1901.0,1900 to 1919 (Pre-war mid),1
Dismissal,02/21/2005,BX,"1538 COMMONWLTH AVENUE, BX ;1538 COMMONWEALTH AVENUE, BX",209.0,18.0,2028559,2039180018,02/05/2013,03/09/2013,Residential,40.839135,-73.8689059,1920.0,1920 to 1939 (Pre-war late),1
Dismissal,04/05/2005,BX,"3210 HULL AVENUE, BX",207.0,11.0,2018437,2033500009,07/05/2013,,Residential,40.874275,-73.8759925,0.0,Pre 1900,1
Dismissal,05/23/2005,BK,"648 MARCY AVENUE, BK",303.0,36.0,3049456,3017740047,07/05/2013,07/29/2013,Residential,40.6921843,-73.9488485,1910.0,1900 to 1919 (Pre-war mid),1
Dismissal,09/27/2005,BX,"1460 BRYANT AVENUE, BX",203.0,17.0,2010842,2030000004,03/05/2013,03/09/2013,Residential,40.8316974,-73.8876462,1931.0,1920 to 1939 (Pre-war late),1
Dismissal,11/30/2005,QN,"74-25 88 ROAD, QN",409.0,30.0,4182812,4088960024,08/20/2012,09/12/2012,Residential,40.6887889,-73.8664971,1920.0,1920 to 1939 (Pre-war late),1
Dismissal,12/16/2005,BK,"287 FIFTH AVENUE, BK ;287 5 AVENUE, BK",306.0,39.0,3020793,3009700006,12/12/2011,06/14/2011,Residential,40.6735985,-73.9822597,1920.0,1920 to 1939 (Pre-war late),1
Dismissal,02/13/2006,BX,"500 CONCORD AVENUE, BX",201.0,8.0,2003943,2025800004,12/12/2011,03/21/2012,Residential,40.8117808,-73.9083217,1910.0,1900 to 1919 (Pre-war mid),1
Dismissal,07/27/2006,BK,"132 WEIRFIELD STREET, BK",304.0,37.0,3078557,3034030015,02/11/2013,03/09/2013,Residential,40.6892997,-73.9125215,1920.0,1920 to 1939 (Pre-war late),1
Dismissal,09/11/2006,BX,"1272-1284 PUGLSEY AVENUE, BX ;2000-2008 WESTCHESTER AVENUE, BX ;2008 WESTCHESTER AVENUE, BX ;2000-2008 WCHESTER AVENUE, BX ;1272-1284 PUGSLEY AVENUE, BX",209.0,18.0,2026267,2038050001,02/22/2012,03/21/2012,Mercantile,40.833286,-73.8573464,1928.0,1920 to 1939 (Pre-war late),1
Dismissal,10/22/2006,BK,"160 HULL STREET, BK",316.0,37.0,3041896,3015390028,03/27/2012,04/03/2012,Residential,40.6794819,-73.90934,1910.0,1900 to 1919 (Pre-war mid),1
Rescinded,05/31/2007,MN,"79 WEST 124 STREET, MN",110.0,9.0,1083977,1017220001,12/12/2011,01/31/2012,Residential,40.8070752,-73.9454875,1900.0,1900 to 1919 (Pre-war mid),1
Dismissal,09/22/2007,BX,"595 EAST 164 STREET, BX",203.0,16.0,2004400,2026220029,01/05/2017,01/21/2016,Residential,40.82516,-73.9067243,1901.0,1900 to 1919 (Pre-war mid),1
Dismissal,11/29/2007,BK,"4611 10 AVENUE, BK",312.0,39.0,3136855,3056200007,12/12/2011,09/27/2011,Residential,40.6402892,-73.9969841,1920.0,1920 to 1939 (Pre-war late),1
Dismissal,12/27/2007,BX,"4226 EDSON AVENUE, BX",212.0,12.0,2069085,2050190050,04/02/2015,04/20/2015,Residential,40.8961712,-73.8455861,1935.0,1920 to 1939 (Pre-war late),1
Dismissal,03/06/2008,BX,"1182 JACKSON AVENUE, BX",203.0,17.0,2004661,2026520026,03/23/2012,04/13/2012,Residential,40.8291663,-73.9022561,1920.0,1920 to 1939 (Pre-war late),1
Dismissal,05/19/2008,BX,"1234 INTERVALE AVENUE, BX",203.0,17.0,2010459,2029740009,02/26/2013,,Residential,40.8288656,-73.89426,1925.0,1920 to 1939 (Pre-war late),1
Dismissal,05/31/2008,BX,"1556 PARKER STREET, BX",210.0,18.0,2041683,2039720043,10/05/2015,,Residential,40.8383599,-73.8500317,1901.0,1900 to 1919 (Pre-war mid),1
Dismissal,06/22/2008,BX,"2068 ARTHUR AVENUE, BX",206.0,15.0,2012005,2030690062,02/07/2013,03/09/2013,Residential,40.8485374,-73.8917383,1901.0,1900 to 1919 (Pre-war mid),1
Dismissal,06/24/2008,QN,"88-59 75 STREET, QN",409.0,30.0,4182955,4089000041,02/16/2012,03/09/2012,Residential,40.687643,-73.8653636,1910.0,1900 to 1919 (Pre-war mid),1
Dismissal,06/24/2008,QN,"99-15 BEACH 98 STREET, QN ;2-08  BEACH 98 STREET, QN ; BEACH 98 STREET, QN ;97-12-97-20 ROCKAWAY BEACH BOULEVARD, QN",414.0,32.0,4454206,4161530001,03/19/2012,03/21/2012,Residential,40.584837,-73.819441,1930.0,1920 to 1939 (Pre-war late),1
Dismissal,10/21/2008,QN,"94-19 110 STREET, QN",409.0,28.0,4197452,4093960045,02/14/2012,03/21/2012,Residential,40.691235,-73.835167,1920.0,1920 to 1939 (Pre-war late),1
Dismissal,11/06/2008,BK,"1363 EAST 53 STREET, BK",318.0,46.0,3390924,3078330032,03/16/2012,03/30/2012,Residential,40.6253381,-73.9243204,2006.0,Post 2000,1
Dismissal,11/10/2008,BX,"2333 BEAUMONT AVENUE, BX ;2333 BEAUMONT AVE, BX",206.0,15.0,2012525,2030890049,01/23/2012,03/05/2012,Residential,40.8532135,-73.8852169,1931.0,1920 to 1939 (Pre-war late),1
Dismissal,01/02/2009,BK,"1198 HALSEY STREET, BK",304.0,37.0,3078843,3034110034,05/15/2012,05/19/2012,Residential,40.6911418,-73.9095478,1925.0,1920 to 1939 (Pre-war late),1
Dismissal,01/12/2009,BX,"1328 TAYLOR AVENUE, BX",209.0,18.0,2027937,2038780019,01/23/2012,03/21/2012,Residential,40.833076,-73.8653367,1910.0,1900 to 1919 (Pre-war mid),1
Dismissal,01/20/2009,BK,"209 TAAFFE PLACE, BK",303.0,33.0,3055139,3019250022,12/26/2011,12/14/2011,Residential,40.6920486,-73.9594972,1905.0,1900 to 1919 (Pre-war mid),1
Dismissal,01/30/2009,QN,"144-68 227 STREET, QN ;145-44-146-02 228 STREET, QN ;145-68 228TH STREET, QN",413.0,31.0,4286790,4134750016,03/12/2012,03/21/2012,Storage,40.6605056,-73.7529958,2012.0,Post 2000,1
Dismissal,02/22/2009,BK,"674 EAST 81 STREET, BK",318.0,46.0,3223669,3079850073,08/02/2012,08/10/2012,Residential,40.6376858,-73.914769,1960.0,1960 to 1979,1
Dismissal,03/17/2009,BX,"1420 CROTONA AVENUE, BX",203.0,16.0,2009823,2029370032,10/23/2017,02/21/2018,Residential,40.8341826,-73.8977966,1901.0,1900 to 1919 (Pre-war mid),1
Dismissal,04/10/2009,BK,"1766 BROADWAY, BK",316.0,37.0,3041184,3015170018,02/02/2012,02/22/2012,Residential,40.6824002,-73.9101004,1925.0,1920 to 1939 (Pre-war late),1
Dismissal,05/25/2009,BK,"34 VERNON AVENUE, BK",303.0,36.0,3048753,3017580027,12/26/2011,04/25/2012,Residential,40.694219,-73.9506608,1905.0,1900 to 1919 (Pre-war mid),1
Dismissal,06/09/2009,BX,"400 EAST 154 STREET, BX ;680 MELROSE AVENUE, BX",201.0,17.0,2001366,2023750006,03/13/2012,03/21/2012,Residential,40.8192908,-73.9161225,1904.0,1900 to 1919 (Pre-war mid),1
Dismissal,06/22/2009,BK,"331 PULASKI STREET, BK",303.0,36.0,3043094,3015940054,04/05/2012,04/25/2012,Residential,40.6939109,-73.9378304,1899.0,Pre 1900,1
Rescinded,07/03/2009,BX,"414 EAST 140 STREET, BX",201.0,8.0,2000289,2022840015,09/11/2014,,Residential,40.8099103,-73.9213687,1889.0,Pre 1900,1
Dismissal,10/16/2009,BK,"47-55 NEWPORT STREET, BK ;2253 STRAUSS STREET, BK",316.0,42.0,3082249,3035970006,02/06/2012,03/02/2012,Residential,40.6588141,-73.9134878,1930.0,1920 to 1939 (Pre-war late),1
Dismissal,10/23/2009,BK,"34 ROCHESTER AVENUE, BK",303.0,36.0,3048156,3017080048,07/25/2012,07/25/2012,Residential,40.6780347,-73.9277685,1901.0,1900 to 1919 (Pre-war mid),1
Dismissal,10/29/2009,BX,"2321 PROSPECT AVENUE, BX",206.0,15.0,2012859,2031020085,01/19/2012,03/05/2012,Residential,40.852224,-73.8837474,1910.0,1900 to 1919 (Pre-war mid),1
Dismissal,11/13/2009,BX,"1514-1516 EAST 172 STREET, BX",209.0,17.0,2025130,2037720038,02/22/2012,03/21/2012,Residential,40.8308717,-73.879958,1924.0,1920 to 1939 (Pre-war late),1
Dismissal,12/09/2009,BX,"1253 MORRISON AVENUE, BX",209.0,18.0,2025373,2037770047,02/22/2012,03/21/2012,Residential,40.831111,-73.8752852,1927.0,1920 to 1939 (Pre-war late),1
Dismissal,12/10/2009,BX,"1732 WHITE PLAINS ROAD, BX",211.0,15.0,2043070,2040330042,02/15/2013,03/09/2013,Residential,40.844799,-73.8656057,1920.0,1920 to 1939 (Pre-war late),1
Dismissal,12/21/2009,BK,"20 BELVIDERE STREET, BK ;20 BELVEDERE STREET, BK",304.0,34.0,3071791,3031360015,06/04/2012,07/09/2012,Residential,40.6985681,-73.9367009,1920.0,1920 to 1939 (Pre-war late),1
Dismissal,01/08/2010,QN,"90-16 138 PLACE, QN",412.0,24.0,4213720,4099770010,04/30/2012,05/19/2012,Residential,40.7007399,-73.8134288,1925.0,1920 to 1939 (Pre-war late),1
Dismissal,01/27/2010,BX,"12 WEST CLIFFORD PLACE, BX ;1698 DAVIDSON AVENUE, BX",205.0,14.0,2008349,2028610024,03/21/2012,04/19/2012,Residential,40.8469063,-73.9137455,1920.0,1920 to 1939 (Pre-war late),1
Dismissal,01/29/2010,BX,"452 COSTER STREET, BX",202.0,17.0,2006905,2027720079,02/26/2013,03/09/2013,Residential,40.809716,-73.8859458,0.0,Pre 1900,1
Dismissal,02/12/2010,BX,"366 BRONX PARK AVENUE, BX",206.0,15.0,2028372,2039080003,04/09/2012,04/19/2012,Residential,40.8390686,-73.8758558,1905.0,1900 to 1919 (Pre-war mid),1
Dismissal,02/16/2010,BX,"594 EAST 167 STREET, BX",203.0,16.0,2004266,2026130022,01/14/2013,03/09/2013,Residential,40.8284684,-73.9046492,1901.0,1900 to 1919 (Pre-war mid),1
Dismissal,02/18/2010,BX,"404 EAST 154 STREET, BX",201.0,17.0,2001368,2023750008,02/22/2013,03/09/2013,Residential,40.8192468,-73.9159564,1800.0,Pre 1900,1
Dismissal,02/21/2010,BK,"9817 FLATLAND AVENUE, BK ;9817 FLATLANDS AVENUE, BK",318.0,46.0,3229715,3081860003,08/07/2012,09/10/2012,Residential,40.6447275,-73.8994921,1935.0,1920 to 1939 (Pre-war late),1
Dismissal,02/23/2010,BK,"1312 BUSHWICK AVENUE, BK",304.0,37.0,3078980,3034140047,,03/09/2013,Residential,40.6861434,-73.9128285,1925.0,1920 to 1939 (Pre-war late),1
Dismissal,03/16/2010,BX,"1233 BOYNTON AVENUE, BX",209.0,18.0,2025209,2037730061,06/12/2014,,Residential,40.8298248,-73.8787999,1930.0,1920 to 1939 (Pre-war late),1
Dismissal,04/04/2010,BK,"970 EAST 89 STREET, BK",318.0,46.0,3225303,3080250068,08/17/2012,09/10/2012,Residential,40.6383263,-73.9055514,1960.0,1960 to 1979,1
Dismissal,04/11/2010,QN,"241-25 145 AVENUE, QN",413.0,31.0,4288001,4135490013,04/26/2012,05/19/2012,Residential,40.6601508,-73.7402379,1925.0,1920 to 1939 (Pre-war late),1
Dismissal,04/23/2010,BK,"838 MONROE STREET, BK",303.0,41.0,3039657,3014810021,01/23/2015,,Residential,40.688456,-73.922554,0.0,Pre 1900,1
Dismissal,05/14/2010,BX,"2169-2199 WESTCHESTER AVENUE, BX ;2169-2181 WESTCHESTER AVENUE, BX ;1301-1317 CASTLE HILL AVENUE, BX ;2169-2181 WCHESTER AVENUE, BX",209.0,18.0,2029018,2039350001,01/22/2013,03/09/2013,Mercantile,40.8345037,-73.8522557,1939.0,1920 to 1939 (Pre-war late),1
Dismissal,06/21/2010,BK,"685 GREENE AVENUE, BK",303.0,36.0,3050315,3017960068,12/27/2013,,Residential,40.6898036,-73.9409894,1931.0,1920 to 1939 (Pre-war late),1
Dismissal,07/23/2010,BK,"338 FLUSHING AVENUE, BK",303.0,33.0,3334521,3018810033,08/01/2012,09/05/2012,Factory/Industrial,40.698063,-73.9614337,1930.0,1920 to 1939 (Pre-war late),1
Dismissal,07/23/2010,MN,"75 WEST 126 STREET, MN",110.0,9.0,1053542,1017240006,03/05/2013,03/09/2013,Residential,40.8083783,-73.944251,1909.0,1900 to 1919 (Pre-war mid),1
Dismissal,09/06/2010,QN,"85-50 91 STREET, QN",409.0,32.0,4182202,4088730019,08/20/2012,08/31/2012,Residential,40.6951752,-73.8545839,1920.0,1920 to 1939 (Pre-war late),1
Dismissal,09/15/2010,QN,"90-03 196 STREET, QN",412.0,23.0,4222448,4104650009,02/23/2016,03/02/2016,Residential,40.7149308,-73.7642689,1920.0,1920 to 1939 (Pre-war late),1
Dismissal,09/20/2010,QN,"130-05 94 AVENUE, QN ;130-11 ATLANTIC AVENUE, QN",409.0,28.0,4196970,4093750285,,03/16/2013,Factory/Industrial,40.6963099,-73.8185873,1930.0,1920 to 1939 (Pre-war late),1
Dismissal,09/30/2010,BX,"1268 CROES AVENUE, BX",209.0,18.0,2025503,2037820018,02/13/2013,03/09/2013,Residential,40.8317045,-73.8708683,1927.0,1920 to 1939 (Pre-war late),1
Dismissal,10/31/2010,BK,"354-362 SCHOLES STREET, BK",301.0,34.0,3071039,3030480014,02/14/2012,03/28/2012,Factory/Industrial,40.7096224,-73.9338193,1920.0,1920 to 1939 (Pre-war late),1
Dismissal,11/05/2010,BK,"1070 BERGEN STREET, BK",308.0,36.0,3030658,3012191101,05/10/2012,05/17/2012,Residential,,,,Unknown,1
Dismissal,11/10/2010,BX,"2368 DAVIDSON AVENUE, BX ;22 WEST 184 STREET, BX",207.0,14.0,2014272,2031980072,02/23/2012,02/29/2012,Residential,40.8607041,-73.9034895,1901.0,1900 to 1919 (Pre-war mid),1
Dismissal,12/09/2010,BX,"1443 TAYLOR AVENUE, BX",209.0,18.0,2028224,2038990049,06/23/2015,05/05/2015,Residential,40.8364232,-73.8664575,1930.0,1920 to 1939 (Pre-war late),1
Rescinded,01/04/2011,BK,"1531-1537 63 STREET, BK ;1531-1535 63 STREET, BK ;1532-1536 62 STREET, BK",311.0,38.0,3132691,3055300019,09/01/2015,09/17/2015,Storage,40.6242019,-73.9947406,1931.0,1920 to 1939 (Pre-war late),1
Dismissal,04/20/2011,MN,"146-148 WEST 28 STREET, MN",105.0,3.0,1015094,1008030065,03/21/2013,11/14/2012,Residential,40.7466789,-73.9926196,1910.0,1900 to 1919 (Pre-war mid),1
Dismissal,04/28/2011,BX,"1852 DR M L KING JR BOULEVARD, BX ;1852 UNIVERSITY AVENUE, BX",205.0,14.0,2008523,2028680019,02/10/2012,03/12/2012,Residential,40.8516576,-73.9140213,1920.0,1920 to 1939 (Pre-war late),1
Dismissal,05/02/2011,BX,"1812 WALLACE AVENUE, BX",211.0,13.0,2043613,2040530011,01/27/2012,04/23/2015,Residential,40.846317,-73.8633581,1899.0,Pre 1900,1
Dismissal,05/03/2011,BX,"1039 LOWELL STREET, BX",202.0,17.0,2006300,2027570124,06/12/2015,,Residential,40.8261802,-73.8873448,1930.0,1920 to 1939 (Pre-war late),1
Dismissal,05/05/2011,BX,"33 MARVIN PLACE, BX",210.0,13.0,2042331,2040000042,08/28/2015,12/16/2011,Residential,40.8416889,-73.8476245,1910.0,1900 to 1919 (Pre-war mid),1
Dismissal,05/10/2011,BK,"302 5 STREET, BK",306.0,39.0,3021334,3009870024,01/23/2012,02/15/2012,Residential,40.672007,-73.9856812,1910.0,1900 to 1919 (Pre-war mid),1
Dismissal,05/10/2011,BK,"353 CORNELIA STREET, BK ;440 IRVING AVENUE, BK",304.0,37.0,3077349,3033780042,07/14/2015,07/20/2015,Residential,40.696154,-73.9098367,1931.0,1920 to 1939 (Pre-war late),1
Rescinded,05/11/2011,BK,"2895 FULTON STREET, BK",305.0,37.0,3087603,3039370044,01/16/2013,01/31/2013,Residential,40.6791253,-73.88786,1920.0,1920 to 1939 (Pre-war late),1
Dismissal,05/17/2011,BX,"1129 FOREST AVENUE, BX",203.0,16.0,2004633,2026510035,10/03/2014,12/09/2019,Residential,40.8276488,-73.9025365,1902.0,1900 to 1919 (Pre-war mid),1
Rescinded,05/17/2011,BX,"1131 FOREST AVENUE, BX",203.0,16.0,2004632,2026510034,10/03/2014,,Residential,40.8277009,-73.9025148,1902.0,1900 to 1919 (Pre-war mid),1
Rescinded,05/17/2011,BX,"1133 FOREST AVENUE, BX",203.0,16.0,2004631,2026510033,10/03/2014,,Residential,40.827753,-73.902493,1902.0,1900 to 1919 (Pre-war mid),1
Dismissal,05/20/2011,BK,"259 TOMPKINS AVENUE, BK",303.0,36.0,3050207,3017950005,08/24/2012,08/29/2012,Residential,40.6894761,-73.9448264,1899.0,Pre 1900,1
Dismissal,05/24/2011,BX,"1165 GERARD AVENUE, BX",204.0,16.0,2003003,2024880041,03/13/2015,07/29/2014,Residential,40.8344589,-73.9212024,1924.0,1920 to 1939 (Pre-war late),1
Dismissal,05/24/2011,QN,"173-01 91 AVENUE, QN",412.0,27.0,4209899,4098100017,03/31/2015,05/15/2018,Residential,40.7091594,-73.7872692,1920.0,1920 to 1939 (Pre-war late),1
Dismissal,06/01/2011,BK,"650 MARCY AVENUE, BK",303.0,36.0,3049457,3017740048,07/05/2013,07/29/2013,Residential,40.6921349,-73.9488377,1910.0,1900 to 1919 (Pre-war mid),1
Dismissal,06/01/2011,QN,"134-06 140 STREET, QN",412.0,28.0,4262514,4120850060,01/09/2014,01/29/2014,Residential,40.668288,-73.7985347,1920.0,1920 to 1939 (Pre-war late),1
Dismissal,06/02/2011,BK,"309 EAST 94 STREET, BK",317.0,41.0,3101195,3046490057,02/15/2012,,Residential,40.6588802,-73.9213629,1931.0,1920 to 1939 (Pre-war late),1
Dismissal,06/02/2011,BX,"1233 BOYNTON AVENUE, BX",209.0,18.0,2025209,2037730061,06/12/2014,,Residential,40.8298248,-73.8787999,1930.0,1920 to 1939 (Pre-war late),1
Dismissal,06/11/2011,MN,"82 WEST 105 STREET, MN ;909-917 COLUMBUS AVENUE, MN",107.0,7.0,1055509,1018400064,06/28/2014,,Residential,40.7982717,-73.9632827,1900.0,1900 to 1919 (Pre-war mid),1
Rescinded,06/18/2011,BX,"2686 THIRD AVENUE, BX ;2686 3 AVENUE, BX ;331-339 EAST 143 STREET, BX",201.0,8.0,2000650,2023060001,05/08/2017,04/03/2015,Mercantile,40.8131855,-73.9224342,1931.0,1920 to 1939 (Pre-war late),1
Dismissal,06/24/2011,BK,"309 EAST 94 STREET, BK",317.0,41.0,3101195,3046490057,01/18/2012,,Residential,40.6588802,-73.9213629,1931.0,1920 to 1939 (Pre-war late),1
Dismissal,06/27/2011,BK,"631 PROSPECT PLACE, BK",308.0,35.0,3030912,3012240074,05/04/2015,,Residential,40.6751531,-73.9555634,1905.0,1900 to 1919 (Pre-war mid),1
,07/01/2011,QN,"146-50 SHORE AVENUE, QN",412.0,28.0,4215592,4100910005,05/25/2018,09/18/2013,Residential,40.6930915,-73.8010597,1915.0,1900 to 1919 (Pre-war mid),1
Dismissal,07/06/2011,BX,"669 JEFFERSON PLACE, BX",203.0,16.0,2009791,2029350063,08/07/2013,09/30/2013,Residential,40.833154,-73.8986474,1899.0,Pre 1900,1
Dismissal,07/07/2011,BX,"1209 TINTON AVENUE, BX",203.0,17.0,2004766,2026630054,10/23/2017,02/21/2018,Residential,40.8295657,-73.9006041,1920.0,1920 to 1939 (Pre-war late),1
Dismissal,07/17/2011,BX,"1989 MORRIS AVENUE, BX",205.0,14.0,2007933,2028290018,08/31/2015,04/27/2015,Residential,40.851614,-73.9073415,1906.0,1900 to 1919 (Pre-war mid),1
Dismissal,07/17/2011,BX,"1991 MORRIS AVENUE, BX",205.0,14.0,2007932,2028290017,09/01/2015,04/27/2015,Residential,40.8516579,-73.907298,1906.0,1900 to 1919 (Pre-war mid),1
Dismissal,07/19/2011,QN,"106-08 169 STREET, QN ;168-30 106 AVENUE, QN",412.0,27.0,4532397,4102370022,04/09/2015,03/05/2018,Residential,40.7003856,-73.7879248,2006.0,Post 2000,1
Dismissal,07/25/2011,BK,"476 EAST 95 STREET, BK",317.0,42.0,3102589,3046910026,01/18/2012,05/22/2012,Residential,40.6557236,-73.9173697,1930.0,1920 to 1939 (Pre-war late),1
Dismissal,07/29/2011,QN,"13-15 CORNAGA AVENUE, QN",414.0,31.0,4298269,4155620031,04/12/2013,04/29/2013,Residential,40.6028375,-73.7479946,1930.0,1920 to 1939 (Pre-war late),1
Dismissal,08/12/2011,BX,"1702-1708 CLAY AVENUE, BX ;300 EAST 174 STREET, BX",204.0,15.0,2009330,2028890015,06/25/2014,,Residential,40.844396,-73.9046047,1913.0,1900 to 1919 (Pre-war mid),1
Dismissal,09/02/2011,QN,"74-25 88 ROAD, QN",409.0,30.0,4182812,4088960024,05/16/2013,,Residential,40.6887889,-73.8664971,1920.0,1920 to 1939 (Pre-war late),1
Dismissal,09/19/2011,MN,"520-526 WEST 136 STREET, MN",109.0,7.0,1059807,1019880123,08/01/2013,08/01/2013,Residential,40.8200502,-73.9534615,1926.0,1920 to 1939 (Pre-war late),1
Dismissal,09/20/2011,BK,"68-70 WILLOUGHBY STREET, BK",302.0,33.0,3000409,3001520028,05/08/2015,,Mercantile,40.6919588,-73.9858031,1920.0,1920 to 1939 (Pre-war late),1
Dismissal,10/03/2011,BK,"1345 MYRTLE AVENUE, BK ;134 STOCKHOLM STREET, BK",304.0,37.0,3074114,3032560010,04/22/2015,,Residential,40.698475,-73.9234909,1920.0,1920 to 1939 (Pre-war late),1
Dismissal,10/17/2011,BK,"1126 60 STREET, BK",312.0,44.0,3141236,3057170017,09/10/2015,09/16/2015,Residential,40.6309048,-74.0024787,1920.0,1920 to 1939 (Pre-war late),1
Dismissal,10/20/2011,BX,"2932 HOLLAND AVENUE, BX ; WILLIAMSBRIDGE ROAD, BX",211.0,15.0,2054854,2045480018,09/15/2015,06/01/2015,Residential,40.8688996,-73.8650581,1935.0,1920 to 1939 (Pre-war late),1
Rescinded,11/01/2011,BX,"2592 3 AVENUE, BX ;2592 THIRD AVENUE, BX",201.0,8.0,2000704,2023140052,01/09/2014,,Residential,40.8116587,-73.9256077,1931.0,1920 to 1939 (Pre-war late),1
Dismissal,11/03/2011,BX,"719 CAULDWELL AVENUE, BX",201.0,17.0,2004447,2026240056,08/08/2014,,Residential,40.8182563,-73.9092919,1901.0,1900 to 1919 (Pre-war mid),1
Dismissal,11/11/2011,BX,"2922 GRAND CONCOURSE, BX",207.0,11.0,2017622,2033200060,04/11/2012,04/24/2012,Residential,40.8713725,-73.8880998,1927.0,1920 to 1939 (Pre-war late),1
Dismissal,11/14/2011,BK,"83 HUNBLDT STREET, BK ;83 HUMBOLDT STREET, BK",301.0,34.0,3071459,3030970023,01/12/2015,,Unknown,40.7042193,-73.9412652,2019.0,Post 2000,1
Dismissal,11/16/2011,BK,"176 SUYDAM STREET, BK",304.0,34.0,3073123,3032180021,05/21/2015,,Residential,40.6995306,-73.9259096,1931.0,1920 to 1939 (Pre-war late),1
Dismissal,11/16/2011,BX,"413 EAST 158 STREET, BX",201.0,17.0,2001463,2023800033,02/15/2013,03/09/2013,Residential,40.8222865,-73.9140773,1925.0,1920 to 1939 (Pre-war late),1
Dismissal,11/21/2011,QN,"90-16 150 STREET, QN",412.0,24.0,4206822,4096790063,02/23/2012,03/09/2012,Residential,40.7032214,-73.8052601,1931.0,1920 to 1939 (Pre-war late),1
Dismissal,11/25/2011,BX,"2443 MORRIS AVENUE, BX",205.0,14.0,2014029,2031840050,08/31/2015,04/23/2015,Residential,40.86181,-73.9000968,0.0,Pre 1900,1
Rescinded,11/25/2011,BX,"456 EAST 182 STREET, BX",206.0,15.0,2011317,2030370066,05/03/2012,05/05/2012,Residential,40.8542408,-73.8946643,1899.0,Pre 1900,1
Dismissal,12/05/2011,BX,"2027 MORRIS AVENUE, BX",205.0,14.0,2007950,2028290057,09/01/2015,04/21/2015,Residential,40.8526727,-73.9063749,1899.0,Pre 1900,1
Dismissal,12/27/2011,BK,"946 BEDFORD AVENUE, BK",303.0,33.0,3055242,3019280046,03/29/2012,04/25/2012,Residential,40.6923108,-73.95601,1901.0,1900 to 1919 (Pre-war mid),1
Rescinded,12/28/2011,BK,"1193 ATLANTIC AVENUE, BK ;20 HERKIMER PLACE, BK",303.0,36.0,3053926,3018660008,09/23/2013,08/13/2013,Factory/Industrial,40.6788596,-73.951487,1910.0,1900 to 1919 (Pre-war mid),1
Dismissal,01/04/2012,BK,"1655 EAST 4 STREET, BK ;1655A EAST 4 STREET, BK",312.0,44.0,3174931,3066110069,09/30/2015,10/08/2015,Residential,40.6102518,-73.9698834,1930.0,1920 to 1939 (Pre-war late),1
Dismissal,01/15/2012,BX,"3034 GRAND CONCOURSE, BX ;200-210 EAST 203 STREET, BX",207.0,11.0,2017235,2033080001,05/04/2012,03/20/2013,Residential,40.8736956,-73.8863748,1923.0,1920 to 1939 (Pre-war late),1
Rescinded,01/18/2012,BX,"456 EAST 182 STREET, BX",206.0,15.0,2011317,2030370066,04/18/2012,05/18/2012,Residential,40.8542408,-73.8946643,1899.0,Pre 1900,1
Dismissal,01/19/2012,BK,"309 LINCOLN ROAD, BK",309.0,40.0,3035379,3013290068,06/14/2012,04/03/2015,Residential,40.6616887,-73.9524366,1905.0,1900 to 1919 (Pre-war mid),1
Dismissal,01/23/2012,BX,"1328 TAYLOR AVENUE, BX",209.0,18.0,2027937,2038780019,01/23/2012,03/21/2012,Residential,40.833076,-73.8653367,1910.0,1900 to 1919 (Pre-war mid),1
Dismissal,01/30/2012,BK,"541 LEXINGTON AVENUE, BK",303.0,36.0,3050544,3018010056,05/22/2015,06/02/2015,Residential,40.6891608,-73.9400705,1899.0,Pre 1900,1
Dismissal,02/03/2012,BX,"1702-1708 CLAY AVENUE, BX ;300 EAST 174 STREET, BX",204.0,15.0,2009330,2028890015,06/25/2014,07/07/2014,Residential,40.844396,-73.9046047,1913.0,1900 to 1919 (Pre-war mid),1
Dismissal,02/06/2012,BX,"1702-1708 CLAY AVENUE, BX ;300 EAST 174 STREET, BX",204.0,15.0,2009330,2028890015,06/25/2014,07/07/2014,Residential,40.844396,-73.9046047,1913.0,1900 to 1919 (Pre-war mid),1
Dismissal,02/06/2012,BX,"1950 MATTHEWS AVENUE, BX ;1942 BRONXDALE AVENUE, BX",211.0,13.0,2048082,2042630029,02/17/2012,03/12/2012,Residential,40.8494396,-73.8626324,1970.0,1960 to 1979,1
Dismissal,02/21/2012,BK,"539 3 AVENUE, BK ;539 THIRD AVENUE, BK ;539A 3 AVENUE, BK",306.0,39.0,3023336,3010330004,03/26/2012,04/16/2012,Residential,40.6686097,-73.9930536,1899.0,Pre 1900,1
Rescinded,02/24/2012,BX,"248 ECHO PLACE, BX",205.0,15.0,2007708,2028090028,05/23/2017,05/25/2015,Residential,,,,Unknown,1
Dismissal,02/25/2012,QN,"253-23 148 AVENUE, QN",413.0,31.0,4289993,4136510052,04/03/2014,04/04/2014,Residential,40.655392,-73.7357153,1960.0,1960 to 1979,1
Dismissal,03/05/2012,BX,"461 WILLIS AVENUE, BX",201.0,8.0,2000664,2023070016,06/17/2013,07/11/2013,Residential,40.8141168,-73.9196441,1910.0,1900 to 1919 (Pre-war mid),1
Dismissal,03/19/2012,BX,"727  PROSPECT AVENUE, BX ;727 PROSPECT AVENUE, BX",201.0,17.0,2004959,2026750054,09/08/2014,09/08/2014,Residential,40.8170601,-73.903094,1925.0,1920 to 1939 (Pre-war late),1
Dismissal,03/26/2012,BK,"64 STANHOPE ST, BK ;64 STANHOPE STREET, BK",304.0,34.0,3338471,3032650021,07/26/2013,,Residential,,,,Unknown,1
Dismissal,03/26/2012,BX,"1309 HARROD AVENUE, BX",209.0,18.0,2027572,2038680063,02/14/2013,04/21/2015,Residential,40.8322603,-73.8746001,1927.0,1920 to 1939 (Pre-war late),1
Dismissal,03/30/2012,BX,"432 EAST 142 STREET, BX",201.0,8.0,2000382,2022860027,02/25/2013,04/03/2015,Assembly,40.8109743,-73.9200236,1910.0,1900 to 1919 (Pre-war mid),1
Rescinded,04/09/2012,BK,"95 COOPER STREET, BK ;95 COOPER AVENUE, BK",304.0,37.0,3079678,3034330041,01/30/2014,10/01/2013,Residential,40.6862723,-73.9091361,1910.0,1900 to 1919 (Pre-war mid),1
Dismissal,04/10/2012,BK,"26 REID AVENUE, BK ;26 MALCOLM X BOULEVARD, BK",303.0,36.0,3043280,3016030039,07/19/2012,06/25/2015,Assembly,40.6933116,-73.9314699,1899.0,Pre 1900,1
Dismissal,04/13/2012,BX,"1460 BRYANT AVENUE, BX",203.0,17.0,2010842,2030000004,03/05/2013,03/09/2013,Residential,40.8316974,-73.8876462,1931.0,1920 to 1939 (Pre-war late),1
Dismissal,04/13/2012,BX,"269 ALEXANDER AVENUE, BX",201.0,8.0,2000695,2023140025,07/02/2015,07/02/2015,Residential,40.810673,-73.9250525,1888.0,Pre 1900,1
Dismissal,04/16/2012,BX,"2094 VALENTINE AVENUE, BX",205.0,15.0,2013386,2031440066,04/29/2013,04/27/2015,Residential,40.8528591,-73.89955,0.0,Pre 1900,1
Rescinded,04/17/2012,BK,"51 NOLL STREET, BK ;69 NOLL STREET, BK ;49 NOLL STREET, BK ;53 NOLL STREET, BK ;55 NOLL STREET, BK ;910-936 FLUSHING AVENUE, BK ;61 NOLL STREET, BK ;47 NOLL STREET, BK ;43 NOLL STREET, BK ;20-74 EVERGREEN AVENUE, BK ;45 NOLL STREET, BK ;60-108 STANWIX STREET, BK ;65 NOLL STREET, BK ;57 NOLL STREET, BK ;63 NOLL STREET, BK ;67 NOLL STREET, BK",304.0,34.0,3071838,3031400001,03/01/2013,03/13/2013,Storage,40.7015695,-73.9342528,1988.0,1980 to 1999,1
Dismissal,04/19/2012,BK,"125 MELROSE STREET, BK ;76-92 EVERGREEN AVENUE, BK ;113-115 MELROSE STREET, BK ;32-36 STANWIX STREET, BK",304.0,34.0,3259586,3031520003,06/17/2013,06/12/2013,Storage,,,,Unknown,1
Dismissal,04/23/2012,QN,"25-62 STEINWAY STREET, QN",401.0,22.0,4010290,4006540089,06/01/2012,07/05/2012,Residential,40.7665651,-73.9131817,1920.0,1920 to 1939 (Pre-war late),1
Dismissal,05/02/2012,BX,"882 IRVINE STREET, BX",202.0,17.0,2006339,2027610053,09/23/2015,12/01/2013,Residential,40.819163,-73.8883719,1899.0,Pre 1900,1
,05/07/2012,BK,"70A LINDEN STREET, BK",304.0,34.0,3076242,3033310008,01/04/2013,,Residential,40.6919102,-73.9205162,1931.0,1920 to 1939 (Pre-war late),1
Dismissal,05/11/2012,BK,"145 BOERUM STREET, BK ;132 GRAHAM AVENUE, BK",301.0,34.0,3338419,3030710001,08/10/2015,,Residential,40.7060288,-73.9426667,1920.0,1920 to 1939 (Pre-war late),1
Dismissal,05/23/2012,BK,"96-98 NORTH 6 STREET, BK",301.0,33.0,3329960,3023340111,02/05/2014,12/13/2013,Storage,40.7184756,-73.9606968,0.0,Pre 1900,1
Dismissal,05/31/2012,BX,"757 COSTER STREET, BX",202.0,17.0,2006501,2027630086,09/23/2013,10/10/2012,Residential,40.8160447,-73.8881387,1930.0,1920 to 1939 (Pre-war late),1
Dismissal,06/04/2012,BX,"2400-2418 WEBB AVENUE, BX ; FATHER ZEISER PLACE, BX ;2430 DEVOE TERRACE, BX",207.0,14.0,2014757,2032190055,06/29/2015,07/20/2012,Residential,40.863995,-73.9068542,1963.0,1960 to 1979,1
Dismissal,06/06/2012,BX,"1699 TOPPING AVENUE, BX ;1699 TOPPING AVE., BX",204.0,15.0,2007352,2027910050,09/23/2015,05/04/2015,Residential,40.8441584,-73.9060869,2021.0,Post 2000,1
Dismissal,06/06/2012,BX,"993 MORRIS AVENUE, BX",204.0,16.0,2002523,2024470059,08/07/2013,06/06/2015,Residential,40.8287415,-73.9170573,1931.0,1920 to 1939 (Pre-war late),1
Dismissal,06/27/2012,BK,"51 NOLL STREET, BK ;69 NOLL STREET, BK ;49 NOLL STREET, BK ;53 NOLL STREET, BK ;55 NOLL STREET, BK ;910-936 FLUSHING AVENUE, BK ;61 NOLL STREET, BK ;47 NOLL STREET, BK ;43 NOLL STREET, BK ;20-74 EVERGREEN AVENUE, BK ;45 NOLL STREET, BK ;60-108 STANWIX STREET, BK ;65 NOLL STREET, BK ;57 NOLL STREET, BK ;63 NOLL STREET, BK ;67 NOLL STREET, BK",304.0,34.0,3071838,3031400001,06/03/2013,06/21/2013,Storage,40.7015695,-73.9342528,1988.0,1980 to 1999,1
Dismissal,06/28/2012,BX,"1233 BOYNTON AVENUE, BX",209.0,18.0,2025209,2037730061,06/12/2014,07/07/2014,Residential,40.8298248,-73.8787999,1930.0,1920 to 1939 (Pre-war late),1
Rescinded,06/28/2012,BX,"2250 AQUEDUCT AVENUE, BX ;2250 AQUEDUCT AVENUE EAST, BX ; BUCHANAN PLACE, BX",205.0,14.0,2014523,2032080031,10/16/2012,10/20/2012,Residential,40.8588707,-73.9069337,2023.0,Post 2000,1
Dismissal,07/02/2012,BK,"1423 ST MARK'S AVENUE, BK ;1423 ST MARKS AVENUE, BK",316.0,41.0,3039010,3014510063,02/06/2013,02/19/2013,Residential,40.6738856,-73.9208838,1910.0,1900 to 1919 (Pre-war mid),1
Dismissal,07/02/2012,BX,"1536 JESUP AVENUE, BX",204.0,16.0,2008706,2028720279,08/31/2015,03/30/2015,Residential,40.8441951,-73.9181946,1935.0,1920 to 1939 (Pre-war late),1
Dismissal,07/07/2012,BK,"64 WASHINGTON AVENUE, BK",302.0,35.0,3319495,3018740043,07/28/2015,07/30/2015,Storage,40.6967997,-73.9678933,1930.0,1920 to 1939 (Pre-war late),1
Dismissal,07/17/2012,BX,"1216 OLMSTEAD AVENUE, BX ;2100 ELLIS AVENUE, BX",209.0,18.0,2092865,2038120009,11/29/2017,02/09/2018,Residential,40.8321592,-73.8539412,1936.0,1920 to 1939 (Pre-war late),1
Dismissal,07/23/2012,BX,"935 EAST 169 STREET, BX",203.0,17.0,2005713,2027190075,08/27/2012,08/15/2012,Residential,40.8272645,-73.8932761,1910.0,1900 to 1919 (Pre-war mid),1
Dismissal,07/23/2012,BX,"935 EAST 169 STREET, BX",203.0,17.0,2005713,2027190075,07/03/2015,07/03/2015,Residential,40.8272645,-73.8932761,1910.0,1900 to 1919 (Pre-war mid),1
Dismissal,08/12/2012,BX,"1234 INTERVALE AVENUE, BX",203.0,17.0,2010459,2029740009,02/26/2013,06/12/2019,Residential,40.8288656,-73.89426,1925.0,1920 to 1939 (Pre-war late),1
Rescinded,08/29/2012,BK,"67 FT GREENE PLACE, BK ;67 FORT GREENE PLACE, BK",302.0,35.0,3058750,3020980010,11/14/2012,11/23/2012,Residential,40.6879883,-73.9764325,1900.0,1900 to 1919 (Pre-war mid),1
Rescinded,09/14/2012,BK,"3042 BRIGHTON 14 STREET, BK",313.0,48.0,3245629,3087160044,04/01/2015,04/01/2015,Residential,40.5788933,-73.9555555,1931.0,1920 to 1939 (Pre-war late),1
,09/26/2012,BK,"921 MONTGOMERY STREET, BK ;375-385 SCHENECTADY AVENUE, BK",309.0,35.0,3038260,3014190001,12/21/2012,,Residential,40.6647015,-73.9338026,1927.0,1920 to 1939 (Pre-war late),1
,09/27/2012,BK,"388-402 SCHENECTADY AVENUE, BK ;897-919 MONTGOMERY STREET, BK",309.0,35.0,3038244,3014180049,06/11/2025,,Residential,40.6647899,-73.9347721,1928.0,1920 to 1939 (Pre-war late),1
Dismissal,10/04/2012,MN,"20 EAST BROADWAY, MN",103.0,1.0,1003484,1002810008,09/13/2013,05/31/2013,Business,40.7136844,-73.9970385,1910.0,1900 to 1919 (Pre-war mid),1
Rescinded,10/17/2012,BX,"1665 CLAY AVENUE, BX ;1663A CLAY AVENUE, BX ;346 EAST 173 STREET, BX ;1663 CLAY AVENUE, BX ;1661 CLAY AVENUE, BX",204.0,16.0,2007315,2027900018,08/29/2014,12/13/2013,Residential,40.843219,-73.9052172,1911.0,1900 to 1919 (Pre-war mid),1
Dismissal,10/31/2012,BX,"1102 STRATFORD AVENUE, BX",209.0,18.0,2024014,2037440045,07/31/2013,,Residential,40.8267545,-73.8746357,1955.0,1940 to 1959,1
Dismissal,11/07/2012,QN,"61-11 159 STREET, QN ; 159 STREET, QN",408.0,24.0,4146862,4067540066,07/03/2014,05/15/2014,Residential,40.7381578,-73.8091381,1955.0,1940 to 1959,1
Dismissal,12/24/2012,BK,"1201-1211 52 STREET, BK ;5102-5114 NEW UTRECHT AVENUE, BK ;5101-5123 12 AVENUE, BK ;1200-1214 51 STREET, BK",312.0,44.0,3138346,3056550001,01/03/2013,01/17/2013,Utility and Misc,40.6347858,-73.9954603,1977.0,1960 to 1979,1
Dismissal,01/03/2013,BK,"145 BOERUM STREET, BK ;132 GRAHAM AVENUE, BK",301.0,34.0,3338419,3030710001,07/23/2015,08/30/2015,Residential,40.7060288,-73.9426667,1920.0,1920 to 1939 (Pre-war late),1
Dismissal,02/14/2013,BK,"16 STEWART STREET, BK ;20 STEWART STREET, BK ; CONWAY STREET, BK ;18 STEWART STREET, BK ;35 CONWAY STREET, BK",304.0,37.0,3080560,3034740015,06/18/2013,12/06/2015,Storage,40.6800594,-73.9038951,1931.0,1920 to 1939 (Pre-war late),1
Dismissal,02/22/2013,BX,"312 EAST 187 STREET, BX",205.0,15.0,2013456,2031470018,08/18/2015,05/12/2015,Residential,40.8597318,-73.8963547,1901.0,1900 to 1919 (Pre-war mid),1
Rescinded,03/11/2013,BK,"6001 4 AVENUE, BK ;402-412 60 STREET, BK ;6001 FOURTH AVENUE, BK",307.0,38.0,3143414,3057820008,07/12/2013,07/17/2013,Mercantile,40.6405485,-74.0182288,1908.0,1900 to 1919 (Pre-war mid),1
,03/14/2013,BX,"525 TINTON AVENUE, BX",201.0,8.0,2003962,2025810033,05/28/2015,06/01/2015,Residential,40.8120897,-73.9068402,1899.0,Pre 1900,1
Dismissal,03/21/2013,BK,"4603 4 AVENUE, BK",307.0,38.0,3011829,3007560009,05/20/2013,05/20/2013,Residential,40.6483914,-74.0100722,1921.0,1920 to 1939 (Pre-war late),1
Dismissal,03/24/2013,BX,"1951 SOUTH BOULEVARD, BX ;878-880 EAST TREMONT AVENUE, BX ;1951 SOUTHERN BOULEVARD, BX",206.0,17.0,2010159,2029600070,06/04/2015,04/27/2015,Residential,40.8426142,-73.8859761,1912.0,1900 to 1919 (Pre-war mid),1
Dismissal,04/03/2013,MN,"574 AMSTERDAM AVENUE, MN ;200 WEST 88 STREET, MN",107.0,6.0,1033215,1012350036,07/06/2015,07/07/2015,Residential,40.7889179,-73.9745189,2025.0,Post 2000,1
Dismissal,04/08/2013,BX,"1874 BATHGATE AVENUE, BX",206.0,15.0,2009603,2029240006,03/03/2017,03/23/2017,Residential,40.8459706,-73.8972327,1931.0,1920 to 1939 (Pre-war late),1
Dismissal,04/20/2013,BX,"807 ZEREGA AVENUE, BX",209.0,18.0,2023226,2036960142,02/27/2017,07/08/2015,Mercantile,40.824482,-73.8433352,1962.0,1960 to 1979,1
Dismissal,04/22/2013,BX,"1495 BEACH AVENUE, BX",209.0,18.0,2028505,2039160022,07/16/2015,03/12/2015,Residential,40.8377858,-73.8675895,1920.0,1920 to 1939 (Pre-war late),1
Dismissal,04/25/2013,BX,"2857 BRIGGS AVENUE, BX",207.0,15.0,2017103,2033020063,07/28/2014,08/26/2014,Residential,40.8696466,-73.8886343,1901.0,1900 to 1919 (Pre-war mid),1
Dismissal,04/26/2013,BK,"31 WYCKOFF AVENUE, BK",304.0,34.0,3072613,3031890004,09/03/2015,,Storage,40.7064999,-73.9222878,1931.0,1920 to 1939 (Pre-war late),1
Dismissal,04/26/2013,BK,"67 MONTROSE AVENUE, BK",301.0,34.0,3071071,3030500032,08/14/2014,,Residential,40.707192,-73.947268,1899.0,Pre 1900,1
Dismissal,05/07/2013,BX,"1340 GARAGE ST LAWRENCE AVENUE, BX",209.0,18.0,2119244,2038760024,10/11/2016,10/19/2016,Residential,40.8341216,-73.8675209,1930.0,1920 to 1939 (Pre-war late),1
Dismissal,05/10/2013,SI,"349 VICTORY BOULEVARD, SI",501.0,49.0,5002744,5001150068,06/17/2015,06/19/2015,Residential,40.6338148,-74.0863069,1910.0,1900 to 1919 (Pre-war mid),1
Dismissal,05/20/2013,BX,"1242 ST LAWRENCE AVENUE, BX",209.0,18.0,2024690,2037630026,09/21/2015,08/11/2015,Residential,40.8311126,-73.8668512,1920.0,1920 to 1939 (Pre-war late),1
Dismissal,05/21/2013,BX,"4228 CARPENTER AVENUE, BX",212.0,11.0,2068086,2049950041,06/03/2013,06/06/2013,Residential,40.8952228,-73.8594452,1901.0,1900 to 1919 (Pre-war mid),1
Dismissal,06/05/2013,QN,"31-60 29 STREET, QN",,,4448675,4005791009,01/24/2018,01/27/2018,,,,,Unknown,1
Dismissal,06/27/2013,BK,"839-841 BROADWAY, BK ;2-14 PARK STREET, BK ;2-10 PARK STREET, BK",304.0,34.0,3326069,3031340005,08/28/2015,06/30/2015,Mercantile,40.6991482,-73.9384423,1931.0,1920 to 1939 (Pre-war late),1
Dismissal,07/10/2013,BX,"14-16 WEST 183 STREET, BX",205.0,14.0,2014220,2031960077,08/31/2015,05/28/2015,Mercantile,40.8583775,-73.9046569,1910.0,1900 to 1919 (Pre-war mid),1
Dismissal,07/26/2013,BK,"192 CLYMER STREET, BK",301.0,33.0,3059875,3021737505,04/07/2014,,Residential,40.707154,-73.96224,1920.0,1920 to 1939 (Pre-war late),1
Dismissal,08/02/2013,BK,"192 27 STREET, BK",307.0,38.0,3009734,3006600035,06/15/2018,06/07/2018,Residential,40.6593929,-73.9996432,1912.0,1900 to 1919 (Pre-war mid),1
Dismissal,08/19/2013,BX,"1058 GRANT AVENUE, BX",204.0,16.0,2002537,2024480009,04/22/2015,10/12/2015,Residential,40.830185,-73.9166653,1905.0,1900 to 1919 (Pre-war mid),1
Dismissal,08/21/2013,QN,"191-36 116 AVENUE, QN",412.0,27.0,4238249,4110610018,03/08/2018,02/20/2018,Residential,40.6939566,-73.7596334,1925.0,1920 to 1939 (Pre-war late),1
,08/23/2013,SI,"ROFF STREET, SI ;Bowen street BOWEN STREET, SI ;3 BOWEN STREET, SI",501.0,49.0,5043313,5028770001,01/10/2025,02/09/2025,Residential,40.6157704,-74.0827537,1940.0,1940 to 1959,1
Dismissal,08/26/2013,BX,"285 EAST 161 STREET, BX",204.0,17.0,2001947,2024210056,01/22/2018,02/09/2018,Residential,40.8256679,-73.9176248,1925.0,1920 to 1939 (Pre-war late),1
Dismissal,08/26/2013,BX,"3339 3 AVENUE, BX ;511-517 EAST 165 STREET, BX ;511 east 165 EAST 165 STREET, BX ;3339 THIRD AVENUE, BX ;517 EAST 165 STREET, BX",203.0,16.0,2001277,2023700044,05/03/2018,05/15/2018,Residential,40.8266706,-73.9079543,1910.0,1900 to 1919 (Pre-war mid),1
Dismissal,10/02/2013,QN,"12-14 ASTORIA BOULEVARD, QN",401.0,22.0,4005621,4005120015,01/10/2018,01/27/2018,Residential,40.7719202,-73.9295405,1920.0,1920 to 1939 (Pre-war late),1
Dismissal,10/09/2013,BX,"757 COSTER STREET, BX",202.0,17.0,2006501,2027630086,02/16/2018,02/21/2018,Residential,40.8160447,-73.8881387,1930.0,1920 to 1939 (Pre-war late),1
Dismissal,10/17/2013,BK,"288 SCHOLES STREET, BK",301.0,34.0,3325801,3030470001,07/24/2015,05/25/2015,Factory/Industrial,40.7090339,-73.9367667,1937.0,1920 to 1939 (Pre-war late),1
Dismissal,10/18/2013,BK,"1725 ST MARKS AVENUE, BK ;1725 ST MARK'S AVENUE, BK",316.0,41.0,3039144,3014550067,04/09/2015,01/10/2017,Factory/Industrial,40.6732707,-73.9096297,1926.0,1920 to 1939 (Pre-war late),1
Dismissal,10/25/2013,QN,"98-20 218 STREET, QN",413.0,27.0,4230772,4107650040,01/11/2018,01/24/2018,Residential,40.7158923,-73.7380186,1925.0,1920 to 1939 (Pre-war late),1
Dismissal,12/08/2013,BX,"357 EAST 153 STREET, BX ;668 COURTLANDT AVENUE, BX",201.0,17.0,2092371,2024000001,05/31/2018,07/09/2018,Residential,40.8194212,-73.9180661,2005.0,Post 2000,1
Dismissal,01/05/2014,BX,"1209 TINTON AVENUE, BX",203.0,17.0,2004766,2026630054,10/23/2017,02/21/2018,Residential,40.8295657,-73.9006041,1920.0,1920 to 1939 (Pre-war late),1
,01/14/2014,BK,"309 AVENUE C, BK",312.0,39.0,3125379,3053550048,10/07/2022,07/17/2017,Residential,40.6408193,-73.9764852,1910.0,1900 to 1919 (Pre-war mid),1
Dismissal,01/17/2014,BK,"239 55 STREET, BK",307.0,38.0,3014516,3008210062,06/19/2018,07/09/2018,Residential,40.6458569,-74.0186555,1899.0,Pre 1900,1
Dismissal,01/25/2014,BX,"4461 PARK AVENUE, BX",206.0,15.0,2011181,2030300203,01/11/2017,01/26/2017,Residential,40.8541817,-73.8961139,1899.0,Pre 1900,1
Dismissal,02/08/2014,BX,"1234 MANOR AVENUE, BX",209.0,18.0,2025331,2037760022,02/14/2018,02/09/2018,Residential,40.8301845,-73.8763927,1920.0,1920 to 1939 (Pre-war late),1
,03/05/2014,BX,"525 TINTON AVENUE, BX",201.0,8.0,2003962,2025810033,05/27/2015,06/01/2015,Residential,40.8120897,-73.9068402,1899.0,Pre 1900,1
Dismissal,03/11/2014,QN,"81-21 KNEELAND AVENUE, QN ; CODWISE PLACE, QN ;81-19-81-21 KNEELAND AVENUE, QN",404.0,25.0,4057144,4024720071,06/27/2014,06/27/2014,Residential,40.7346364,-73.883267,1901.0,1900 to 1919 (Pre-war mid),1
Dismissal,04/24/2014,BK,"1361 GREENE AVENUE, BK",304.0,37.0,3075117,3032890039,04/14/2015,04/15/2015,Residential,40.700192,-73.9177258,1931.0,1920 to 1939 (Pre-war late),1
Dismissal,05/03/2014,MN,"205 CHRYSTIE STREET, MN ;19-21 STANTON STREET, MN",103.0,1.0,1005715,1004260025,08/24/2015,,Residential,40.7223851,-73.9919585,1900.0,1900 to 1919 (Pre-war mid),1
Dismissal,05/12/2014,MN,"213 WEST 135 STREET, MN",110.0,9.0,1058886,1019410022,10/19/2015,07/09/2018,Residential,40.8159566,-73.9445156,1910.0,1900 to 1919 (Pre-war mid),1
Dismissal,06/02/2014,BX,"2108 BATHGATE AVENUE, BX",206.0,15.0,2114258,2030470029,09/21/2015,09/22/2015,Residential,40.8512791,-73.8945027,2005.0,Post 2000,1
Rescinded,06/10/2014,MN,"2590-2596 FREDERICK DOUGLASS BOULEVARD, MN ;2590-2596 EIGHTH AVENUE, MN ;2590-2596 8 AVENUE, MN ;273 WEST 138 STREET, MN ;2590-2596 FREDRICK DOUGLASS BOULEVARD, MN",110.0,9.0,1060264,1020240001,11/21/2016,12/14/2016,Residential,40.8185203,-73.9447844,1891.0,Pre 1900,1
Dismissal,06/11/2014,BX,"2361 MACLAY AVENUE, BX ;1701 ZEREGA AVENUE, BX",210.0,18.0,2042061,2039910071,06/05/2017,02/09/2018,Mercantile,40.8397066,-73.8513804,1927.0,1920 to 1939 (Pre-war late),1
Dismissal,06/15/2014,BX,"2374 DAVIDSON AVENUE, BX ;23 WEST 184 STREET, BX",207.0,14.0,2014347,2031990134,08/31/2015,01/26/2017,Residential,40.8610443,-73.9032865,1910.0,1900 to 1919 (Pre-war mid),1
Dismissal,07/30/2014,BK,"287-293 HEYWARD STREET, BK",301.0,33.0,3394716,3022280040,04/01/2015,02/23/2015,Education,40.705223,-73.9511251,1959.0,1940 to 1959,1
Dismissal,08/06/2014,BK,"26 NORWOOD AVENUE, BK",305.0,37.0,3086495,3039050023,03/31/2015,01/10/2017,Residential,40.6855735,-73.8803962,1901.0,1900 to 1919 (Pre-war mid),1
Dismissal,08/12/2014,BX,"716B MORRIS PARK AVENUE, BX ;716 MORRIS PARK AVENUE, BX ;1741 HUNT AVENUE, BX",211.0,15.0,2043047,2040330007,12/28/2016,01/26/2017,Mercantile,40.8451198,-73.8652762,1930.0,1920 to 1939 (Pre-war late),1
Dismissal,08/19/2014,BX,"1872 WASHINGTON AVENUE, BX ;1872 WASHINGTON AVE, BX",206.0,15.0,2009574,2029180005,02/09/2018,02/09/2018,Residential,40.8461856,-73.8982697,1910.0,1900 to 1919 (Pre-war mid),1
Dismissal,08/21/2014,BX,"1535 VYSE AVENUE, BX",203.0,17.0,2010665,2029890045,04/21/2015,04/25/2015,Residential,40.8339621,-73.8879604,1931.0,1920 to 1939 (Pre-war late),1
,09/24/2014,BK,"1349 EAST 55 STREET, BK ;5502 AVENUE L, BK",318.0,46.0,3218942,3078530043,03/11/2015,03/31/2015,Residential,40.6236378,-73.9223951,1920.0,1920 to 1939 (Pre-war late),1
Dismissal,09/26/2014,BX,"1302 FINDLAY AVENUE, BX",204.0,16.0,2007152,2027820155,02/23/2017,03/23/2017,Residential,40.8350386,-73.9107037,1930.0,1920 to 1939 (Pre-war late),1
Rescinded,10/02/2014,BK,"1531-1537 63 STREET, BK ;1531-1535 63 STREET, BK ;1532-1536 62 STREET, BK",311.0,38.0,3132691,3055300019,09/01/2015,09/17/2015,Storage,40.6242019,-73.9947406,1931.0,1920 to 1939 (Pre-war late),1
Dismissal,10/08/2014,SI,"159 TYSEN STREET, SI",501.0,49.0,5001842,5000740020,09/25/2015,09/28/2015,Residential,40.6414021,-74.0990795,1915.0,1900 to 1919 (Pre-war mid),1
Dismissal,10/29/2014,BX,"353 EAST 138 STREET, BX",201.0,8.0,2000605,2023010043,02/22/2018,03/22/2018,Residential,40.8098984,-73.9240419,1931.0,1920 to 1939 (Pre-war late),1
Dismissal,11/20/2014,SI,"311 BROADWAY, SI",501.0,49.0,5109078,5001780008,01/12/2017,07/19/2016,Residential,40.6338977,-74.116791,1930.0,1920 to 1939 (Pre-war late),1
Rescinded,11/20/2014,BX,"2139 CHATTERTON AVENUE, BX",209.0,18.0,2026363,2038070070,05/16/2017,09/26/2016,Residential,40.8283386,-73.8518285,1927.0,1920 to 1939 (Pre-war late),1
Dismissal,12/01/2014,BX,"1420 CROTONA AVENUE, BX",203.0,16.0,2009823,2029370032,10/23/2017,02/21/2018,Residential,40.8341826,-73.8977966,1901.0,1900 to 1919 (Pre-war mid),1
Dismissal,12/02/2014,MN,"541-543 WEST 150 STREET, MN",109.0,7.0,1062141,1020820011,12/08/2014,09/22/2015,Residential,40.829319,-73.946893,1910.0,1900 to 1919 (Pre-war mid),1
Dismissal,12/19/2014,BK,"1057-1059 BROADWAY, BK",304.0,34.0,3326302,3032250041,12/30/2016,02/18/2017,Residential,40.6951532,-73.9311218,1931.0,1920 to 1939 (Pre-war late),1
Rescinded,02/06/2015,BX,"800 EAST 169 STREET, BX ;1240-1248 UNION AVENUE, BX",203.0,17.0,2005062,2026820017,09/02/2015,07/29/2015,Residential,40.8298028,-73.8987645,1901.0,1900 to 1919 (Pre-war mid),1
Dismissal,02/16/2015,SI,"68 VAN PELT AVENUE, SI",501.0,49.0,5148229,5012110137,09/21/2015,09/28/2015,Residential,40.6349361,-74.1554343,2006.0,Post 2000,1
Dismissal,02/22/2015,MN,"130-134 WEST 42 STREET, MN ;132 WEST 42 STREET, MANHATTAN ;130 WEST 42ND STREET, Manhattan 10036;133-139 WEST 41 STREET, MN",105.0,4.0,1022577,1009940045,02/19/2016,03/05/2016,Business,40.7549619,-73.9856417,1918.0,1900 to 1919 (Pre-war mid),1
Dismissal,03/23/2015,BX,"136 WEST 170 STREET, BX ;1328 PLIMPTON AVENUE, BX",204.0,16.0,2003360,2025210056,01/09/2018,02/09/2018,Residential,40.8408779,-73.9239053,1925.0,1920 to 1939 (Pre-war late),1
Dismissal,04/14/2015,SI,"95 ALBION PLACE, SI",501.0,49.0,5024268,5010360070,01/14/2016,01/28/2016,Residential,40.634479,-74.1348642,1915.0,1900 to 1919 (Pre-war mid),1
Rescinded,11/13/2015,BX,"1877-1889 WEBSTER AVENUE, BX ;1874-1882 CARTER AVENUE, BX ;1876-1882 CARTER AVENUE, BX ;390-398 EAST TREMONT AVENUE, BX",205.0,15.0,2009390,2028920118,03/08/2017,01/15/2016,Mercantile,40.8474921,-73.9014665,1927.0,1920 to 1939 (Pre-war late),1
Dismissal,11/21/2015,MN,"412-418 CATHEDRAL PARKWAY, MN",107.0,7.0,1056034,1018640039,06/04/2018,07/09/2018,Residential,40.8018751,-73.9619768,1930.0,1920 to 1939 (Pre-war late),1
Dismissal,11/24/2015,QN,"57-03 84 STREET, QN",404.0,25.0,4065816,4028950001,01/24/2018,01/27/2018,Residential,40.7304762,-73.8787605,1955.0,1940 to 1959,1
Dismissal,01/25/2016,SI,"4 ROSEWOOD PLACE, SI",501.0,49.0,5014804,5005780034,07/23/2019,07/22/2019,Residential,40.6339093,-74.0847073,1915.0,1900 to 1919 (Pre-war mid),1
Dismissal,03/25/2016,BX,"969 EAST 167 STREET, BX",203.0,17.0,2006070,2027450049,02/20/2018,04/30/2018,Residential,40.8270348,-73.8912313,1901.0,1900 to 1919 (Pre-war mid),1
,04/21/2016,MN,"737-751 10 AVENUE, MN ;501 AIR RGTS WEST 50 STREET, MN ;751 AIR RGTS 10 AVENUE, MN ;500 AIR RGTS WEST 51 STREET, MN ;500 WEST 51 STREET, MN ;501 WEST 50 STREET, MN",104.0,3.0,1083800,1010790029,07/25/2016,08/17/2016,Residential,40.765475,-73.9927042,1930.0,1920 to 1939 (Pre-war late),1
Dismissal,05/27/2016,BX,"716 UNION AVENUE, BX",201.0,17.0,2004948,2026750040,01/18/2018,02/09/2018,Residential,40.816893,-73.9035422,1901.0,1900 to 1919 (Pre-war mid),1
Dismissal,06/07/2016,BK,"514-514A THROOP AVENUE, BK ;419 MADISON STREET, BK",303.0,36.0,3051508,3018200047,07/10/2018,07/09/2018,Residential,40.6859174,-73.9416924,1931.0,1920 to 1939 (Pre-war late),1
Dismissal,06/08/2016,BX,"1209-1211 INTERVALE AVENUE, BX ;899 EAST 169 STREET, BX",203.0,17.0,2010448,2029730041,07/18/2019,05/24/2019,Residential,40.8284715,-73.895453,1910.0,1900 to 1919 (Pre-war mid),1
Dismissal,11/14/2016,BX,"526 EAST 148 STREET, BX",201.0,8.0,2000112,2022740015,02/11/2019,01/28/2019,Residential,40.8137755,-73.9145833,1960.0,1960 to 1979,1
Dismissal,12/15/2016,BK,"272-274 GRAND STREET, BK",301.0,34.0,3062819,3023950002,06/03/2022,06/27/2022,Residential,40.7130346,-73.9581606,1910.0,1900 to 1919 (Pre-war mid),1
Dismissal,12/16/2016,BK,"987 FLUSHING AVENUE, BK",301.0,34.0,3071641,3031240016,01/19/2017,01/13/2017,Residential,40.7031554,-73.9332342,1931.0,1920 to 1939 (Pre-war late),1
Dismissal,12/24/2016,MN,"132 WEST 129 STREET, MN",110.0,9.0,1057957,1019130047,03/13/2019,04/03/2019,Residential,40.8106761,-73.9450691,1910.0,1900 to 1919 (Pre-war mid),1
Rescinded,12/24/2016,QN,"HILLYER STREET, QN ;77-14-77-20 QUEENS BOULEVARD, QN",404.0,25.0,4056457,4024520007,01/04/2017,01/13/2017,Mercantile,40.7378119,-73.8857946,1970.0,1960 to 1979,1
Rescinded,12/24/2016,QN,"77-17 QUEENS BOULEVARD, QN ;77-17 QNS BOULEVARD, QN",404.0,25.0,4038413,4015360107,01/06/2017,01/13/2017,Mercantile,40.738916,-73.8864783,1979.0,1960 to 1979,1
,03/21/2017,SI,"65 MACORMAC PLACE, SI",501.0,49.0,5028599,5012770292,08/06/2021,09/03/2021,Residential,40.6369292,-74.1706835,1960.0,1960 to 1979,1
Dismissal,09/25/2017,BX,"982 FINDLAY AVENUE, BX",204.0,16.0,2002197,2024320054,03/11/2020,10/27/2022,Residential,40.8278068,-73.9149591,1920.0,1920 to 1939 (Pre-war late),1
Dismissal,10/05/2017,BX,"1313 BEACH AVENUE, BX",209.0,18.0,2027902,2038760068,01/11/2018,02/21/2018,Residential,40.8333688,-73.8669225,1930.0,1920 to 1939 (Pre-war late),1
,10/30/2017,BX,"1302 FINDLAY AVENUE, BX",204.0,16.0,2007152,2027820155,07/13/2021,08/12/2021,Residential,40.8350386,-73.9107037,1930.0,1920 to 1939 (Pre-war late),1
,10/30/2017,BX,"1302 FINDLAY AVENUE, BX",204.0,16.0,2007152,2027820155,10/17/2023,11/16/2023,Residential,40.8350386,-73.9107037,1930.0,1920 to 1939 (Pre-war late),1
,10/30/2017,BX,"1302 FINDLAY AVENUE, BX",204.0,16.0,2007152,2027820155,05/06/2025,06/05/2025,Residential,40.8350386,-73.9107037,1930.0,1920 to 1939 (Pre-war late),1
,10/30/2017,BX,"869 MACY PLACE, BX",202.0,17.0,2005178,2026880077,02/16/2023,03/18/2023,Residential,40.8183018,-73.9011412,1910.0,1900 to 1919 (Pre-war mid),1
,11/02/2017,BK,"623 5 AVENUE, BK     11215",,,3800399,3008730006,02/13/2019,02/19/2019,,40.663205,-73.9910862,1931.0,1920 to 1939 (Pre-war late),1
Dismissal,11/10/2017,BX,"2429 FULLER STREET, BX",210.0,18.0,2042257,2039970066,,11/17/2017,Residential,40.8414362,-73.8517234,1928.0,1920 to 1939 (Pre-war late),1
Dismissal,12/09/2017,BK,"407 JOHNSON AVENUE, BK",301.0,34.0,3340924,3030560176,07/11/2018,07/09/2018,Storage,40.7078926,-73.9326992,1920.0,1920 to 1939 (Pre-war late),1
Dismissal,12/12/2017,QN,"42-05 SAULL STREET, QN",407.0,20.0,4115391,4051220015,01/17/2018,01/20/2018,Residential,40.7544012,-73.8301958,1960.0,1960 to 1979,1
,02/24/2018,BK,"162 EVERGREEN AVENUE, BK",304.0,34.0,3072216,3031710042,08/06/2018,08/16/2018,Residential,40.6990179,-73.9313558,1930.0,1920 to 1939 (Pre-war late),1
,04/30/2018,BX,"1263-1265 THIERIOT AVENUE, BX ;1265A-1265B THIERIOT AVENUE, BX",209.0,18.0,2098744,2037650045,02/25/2020,03/26/2020,Residential,40.8320707,-73.8646522,1920.0,1920 to 1939 (Pre-war late),1
,08/11/2018,BK,"51 TAPSCOTT STREET, BK ;53 TAPSCOTT STREET, BK",316.0,41.0,3080860,3035110011,02/08/2019,02/19/2019,Residential,40.6665978,-73.9203986,1930.0,1920 to 1939 (Pre-war late),1
Rescinded,08/13/2018,BK,"34 EAST 29 STREET, BK",317.0,40.0,3117832,3051300017,09/10/2018,10/24/2018,Factory/Industrial,40.6472585,-73.9504577,1920.0,1920 to 1939 (Pre-war late),1
Dismissal,09/02/2018,BK,"2768-2770 ATLANTIC AVENUE, BK ;203-213 MILLER AVENUE, BK",305.0,37.0,3088255,3039610009,10/29/2018,11/05/2018,Residential,40.6759782,-73.8919139,1920.0,1920 to 1939 (Pre-war late),1
,01/16/2019,SI,"41 WALCOTT AVENUE, SI",502.0,50.0,5033870,5019700021,08/23/2019,09/05/2019,Residential,40.5970371,-74.1350119,1980.0,1980 to 1999,1
,01/17/2019,BX,"1204 WASHINGTON AVENUE, BX",203.0,16.0,2001319,2023720018,02/04/2025,03/06/2025,Storage,40.830773,-73.9068104,1963.0,1960 to 1979,1
Rescinded,02/25/2019,MN,"142 EAST 39 STREET, MN",106.0,4.0,1019153,1008940057,06/28/2019,07/16/2019,Business,40.7490593,-73.9768764,1920.0,1920 to 1939 (Pre-war late),1
Dismissal,03/04/2019,BX,"2159 CHATTERTON AVENUE, BX",209.0,18.0,2092857,2038070058,02/15/2023,04/11/2022,Residential,40.8284366,-73.8511887,1901.0,1900 to 1919 (Pre-war mid),1
Dismissal,03/05/2019,BK,"592-596 PACIFIC STREET, BK",306.0,39.0,3018387,3009280027,07/24/2025,08/25/2025,Business,40.6829354,-73.9774727,1931.0,1920 to 1939 (Pre-war late),1
,03/09/2019,BX,"594 EAST 167 STREET, BX",203.0,16.0,2004266,2026130022,02/04/2025,03/06/2025,Residential,40.8284684,-73.9046492,1901.0,1900 to 1919 (Pre-war mid),1
Rescinded,03/14/2019,MN,"81 LEONARD STREET, MN ;79-81 LEONARD STREET, MN",101.0,1.0,1001886,1001740005,04/12/2019,07/25/2019,Residential,40.7175133,-74.0049097,1861.0,Pre 1900,1
Dismissal,03/18/2019,MN,"160-162 PEARL STREET, MN",101.0,1.0,1000879,1000390006,06/09/2022,01/02/2022,Business,40.7057217,-74.0074732,1900.0,1900 to 1919 (Pre-war mid),1
Dismissal,04/17/2019,BK,"485 LORIMER STREET, BK ;563 GRAND STREET, BK ;477-485 LORIMER STREET, BK",301.0,34.0,3069319,3027790027,03/20/2024,06/07/2025,Business,40.711417,-73.9491042,1920.0,1920 to 1939 (Pre-war late),1
Rescinded,04/17/2019,BK,"1311 KINGS HIGHWAY, BK",315.0,48.0,3182392,3067760042,06/27/2019,07/10/2019,Mercantile,40.6084206,-73.9596703,1925.0,1920 to 1939 (Pre-war late),1
,05/01/2019,MN,"419 EAST 91 STREET, MN ;419 EAST 91ST STREET, MN",108.0,5.0,1050753,1015710014,08/17/2021,09/03/2021,Residential,40.779746,-73.9457012,1920.0,1920 to 1939 (Pre-war late),1
,05/22/2019,QN,"118-05 ATLANTIC AVENUE, QN",409.0,29.0,4196648,4093500038,09/04/2025,10/04/2025,Residential,40.6941872,-73.8287408,1900.0,1900 to 1919 (Pre-war mid),1
,05/28/2019,BX,"910 PROSPECT AVENUE, BX",202.0,17.0,2005194,2026900022,06/20/2019,09/05/2019,Residential,40.8212711,-73.9005948,1910.0,1900 to 1919 (Pre-war mid),1
,06/10/2019,BX,"1014 GERARD AVENUE, BX",204.0,8.0,2002936,2024770007,08/10/2023,09/09/2023,Residential,40.8307957,-73.9226015,1929.0,1920 to 1939 (Pre-war late),1
Dismissal,06/26/2019,BK,"661 RALPH AVENUE, BK",316.0,41.0,3080804,3035090021,01/04/2021,01/12/2021,Residential,40.6666678,-73.9223378,1930.0,1920 to 1939 (Pre-war late),1
,07/10/2019,BX,"861 EAST 181 STREET, BX ;2132 MOHEGAN AVENUE, BX",206.0,15.0,2013164,2031240043,09/19/2019,09/26/2019,Residential,40.8463847,-73.8825323,1931.0,1920 to 1939 (Pre-war late),1
,12/18/2019,MN,"300 WEST 56 STREET, MN ;947 8 AVENUE, MN",104.0,3.0,1080917,1010460036,08/19/2025,09/18/2025,Mercantile,40.7659873,-73.9838199,1930.0,1920 to 1939 (Pre-war late),1
,12/21/2020,QN,"86-34 77 STREET, QN",409.0,30.0,4181008,4088400140,05/04/2021,05/04/2021,Residential,40.6922266,-73.8652245,1920.0,1920 to 1939 (Pre-war late),1
,05/13/2021,QN,"95-49 TUCKERTON STREET, QN     11433",,,4848347,4101080319,06/01/2021,06/03/2021,,40.6990554,-73.8008075,0.0,Pre 1900,1
,06/18/2021,BK,"918 62 STREET, BK",310.0,38.0,3394483,3057290014,09/03/2024,09/10/2024,Storage,40.6325294,-74.008182,2007.0,Post 2000,1
,07/12/2021,SI,"BIRCHARD AVENUE, SI ;143 SUNSET AVENUE, SI",502.0,49.0,5021284,5008250050,08/18/2025,09/17/2025,Residential,40.6015856,-74.1346717,1965.0,1960 to 1979,1
,07/12/2021,SI,"94 FILLMORE AVENUE, SI",502.0,49.0,5021278,5008250037,08/18/2025,09/17/2025,Residential,40.601715,-74.1343551,1965.0,1960 to 1979,1
Rescinded,11/14/2022,BX,"325 WEST FORDHAM ROAD, BX ;2371 EXTERIOR STREET, BX",207.0,14.0,2118773,2032440130,04/24/2023,05/01/2023,Business,40.8652143,-73.9111115,2007.0,Post 2000,1
,08/16/2023,BX,"220 EAST 134 STREET, BX",201.0,8.0,2000783,2023190098,,08/20/2023,Storage,40.8090519,-73.9309894,1955.0,1940 to 1959,1
,01/17/2024,MN,"106-118 WEST 145 STREET, MN ;108-118 WEST 145 STREET, MN",110.0,9.0,1060172,1020130029,08/22/2024,08/29/2024,Mercantile,40.8206081,-73.9374845,1920.0,1920 to 1939 (Pre-war late),1
Dismissal,02/12/2024,BK,"349-367 MARCUS GARVEY BOULEVARD, BK ;491-557 JEFFERSON AVENUE, BK ;576-634 PUTNAM AVENUE, BK",303.0,36.0,3045367,3016490001,04/13/2025,06/05/2025,Assembly,40.6851245,-73.9372798,1930.0,1920 to 1939 (Pre-war late),1
,04/01/2024,BX,"814 EAST 168 STREET, BX",203.0,17.0,2005047,2026810019,06/12/2025,06/19/2025,Residential,40.8284497,-73.8987991,1899.0,Pre 1900,1
Dismissal,04/18/2024,MN,"426-432 WEST 56 STREET, MN",104.0,3.0,1026853,1010650048,04/29/2025,11/08/2024,Residential,40.7676813,-73.9878483,1900.0,1900 to 1919 (Pre-war mid),1
,08/22/2024,QN,"102-44 JAMAICA AVENUE, QN ;98-34 87 AVENUE, QN",409.0,32.0,4194201,4092880022,09/04/2025,10/04/2025,Residential,40.6949715,-73.843654,1910.0,1900 to 1919 (Pre-war mid),1
Rescinded,09/09/2024,MN,"334 EAST 6 STREET, MN",103.0,2.0,1006239,1004470023,12/03/2024,11/22/2024,Residential,40.7265374,-73.9870621,1864.0,Pre 1900,1
Rescinded,09/15/2024,BK,"139-145 32 STREET, BK",307.0,38.0,3010006,3006760048,01/07/2025,03/06/2025,Factory/Industrial,40.657079,-74.0025193,1931.0,1920 to 1939 (Pre-war late),1
,10/15/2024,QN,"95-41-95-45 ROOSEVELT AVENUE, QN",403.0,21.0,4036678,4014840054,07/08/2025,08/07/2025,Mercantile,40.7492356,-73.8703135,1925.0,1920 to 1939 (Pre-war late),1
,10/21/2024,QN,"90-17-90-25 ELMHURST AVENUE, QN ;37-49-37-59 90 STREET, QN",403.0,21.0,4036374,4014780050,07/09/2025,08/08/2025,Mercantile,40.7489842,-73.8762871,1929.0,1920 to 1939 (Pre-war late),1
Rescinded,11/14/2024,QN,"25-40 SHORE BOULEVARD, QN ; ASTORIA PARK SOUTH, QN ; 12 STREET, QN ;25-39 9 STREET, QN",,,4438544,4009051001,12/12/2024,12/17/2024,,,,,Unknown,1
Rescinded,11/25/2024,BK,"5419 4 AVENUE, BK",307.0,38.0,3014569,3008230002,03/05/2025,01/29/2025,Residential,40.6436341,-74.0150766,1931.0,1920 to 1939 (Pre-war late),1
Dismissal,02/05/2025,BK,"4917 14 AVENUE, BK",312.0,44.0,3137773,3056430004,04/15/2025,04/24/2025,Residential,40.633188,-73.9900309,1965.0,1960 to 1979,1
Dismissal,02/15/2025,MN,"494 BROADWAY, MN",102.0,1.0,1007228,1004830003,05/29/2025,06/16/2025,Business,40.721905,-73.9993795,1866.0,Pre 1900,1
Dismissal,02/21/2025,MN,"2344-2348 12 AVENUE, MN ;701 WEST 133 STREET, MN",109.0,7.0,1059988,1020050012,03/25/2025,04/15/2025,Mercantile,40.8202719,-73.9589892,1910.0,1900 to 1919 (Pre-war mid),1
,05/13/2025,BK,"945 EAST 40 STREET, BK ;4001 AVENUE H, BK",317.0,45.0,3412410,3077240001,06/06/2025,06/13/2025,Mercantile,40.6324634,-73.9376787,1940.0,1940 to 1959,1
,09/17/2025,MN,"118 ELIZABETH STREET, MN",102.0,1.0,1006940,1004700038,11/24/2025,12/24/2025,Residential,40.7191464,-73.9952778,1900.0,1900 to 1919 (Pre-war mid),1
,09/17/2025,MN,"120B ELIZABETH STREET, MN ;120 ELIZABETH STREET, MN",102.0,1.0,1006941,1004700039,11/19/2025,12/19/2025,Residential,40.7192123,-73.9952489,1900.0,1900 to 1919 (Pre-war mid),1
,05/14/2025,BK,"33 BRIGHTON 5 WALK, BK ;511-513 BRIGHTON 5 WALK, BK",313.0,48.0,3244455,3086650580,12/26/2025,01/25/2026,Residential,40.5804522,-73.9630172,1935.0,1920 to 1939 (Pre-war late),1
,06/27/2025,SI,"731 HENDERSON AVENUE, SI",501.0,49.0,5103883,5001740041,12/19/2025,01/18/2026,Residential,40.6372901,-74.1169338,2005.0,Post 2000,1
Rescinded,06/03/2025,QN,"210-01-210-25 HORACE HARDING EXPRESSWAY, QN ;210-01-210-25 HORACE HARDING EXPRESSWAY SR N, QN ;210-01-210-25 HOR HARDING EXPRESSWAY SR NORTH, QN ; 211 STREET, QN ; 210 STREET, QN",411.0,23.0,4160676,4074610094,10/01/2025,10/29/2025,Mercantile,40.7466293,-73.7665711,1950.0,1940 to 1959,1
